{"cameraMode":{"drawMode":0,"name":"Shaded","section":"Shading Mode"},"sceneLighting":true,"audioPlay":false,"sceneViewState":{"m_AlwaysRefresh":false,"showFog":true,"showSkybox":true,"showFlares":true,"showImageEffects":true,"showParticleSystems":true,"showVisualEffectGraphs":true,"m_FxEnabled":false},"in2DMode":false,"pivot":{"x":11.184789657592774,"y":2.2308106422424318,"z":-28.3780517578125},"rotation":{"x":0.00026911695022135973,"y":0.9936778545379639,"z":-0.11226271092891693,"w":0.002383163431659341},"size":2.8222200870513918,"orthographic":false}